code;name;url;phone
F00000317;SOPHIA;https://pe.ivademecum.com/laboratorio-sophia-cod-3C09D32E6D7824EF;225-1912, /1558, 2157
F00000318;QUIMFA;https://pe.ivademecum.com/laboratorio-quimfa-cod-837C862866EDF69D;451-3566, 464-5008
F00000319;NEUMOBIOTICS;https://pe.ivademecum.com/laboratorio-neumobiotics-cod-136931393D0B2A4A;
F00000320;ROEMMERS;https://pe.ivademecum.com/laboratorio-roemmers-cod-D063F531925A8503;(51) (1) 4621616
F00000321;LUSA;https://pe.ivademecum.com/laboratorio-lusa-cod-95EEA2BCDD99D906;204 5600
F00000322;MEDIFARMA;https://pe.ivademecum.com/laboratorio-medifarma-cod-A43BDCAF942F5ED0;(511) 332-6200
F00000323;MAGMA;https://pe.ivademecum.com/laboratorio-magma-cod-1E3810B90967ECE4;
F00000324;ESKE GROUP;https://pe.ivademecum.com/laboratorio-eske-group-cod-6964A12BE56D538F;+51 1 2413110
F00000325;NORDIC;https://pe.ivademecum.com/laboratorio-nordic-cod-AF9FFEDAB77D8CE5;
F00000326;OKASA;https://pe.ivademecum.com/laboratorio-okasa-cod-1619CA4B254115C2;462-7929, 332-2901
F00000327;INFERMED;https://pe.ivademecum.com/laboratorio-infermed-cod-CB9471148A917B70;275-1957
F00000328;PORTUGAL;https://pe.ivademecum.com/laboratorio-portugal-cod-6FAE36C4608B51BB;(054) 316031
F00000329;SKIN MASTER;https://pe.ivademecum.com/laboratorio-skin-master-cod-62DB0E94B61B8F6A;448-2048
F00000330;MAQUIFARMA;https://pe.ivademecum.com/laboratorio-maquifarma-cod-4FA9FA76B3847B25;
F00000331;UNIMED;https://pe.ivademecum.com/laboratorio-unimed-cod-99B7E870C65ED278;611-5500
F00000332;ROCHE;https://pe.ivademecum.com/laboratorio-roche-cod-8F4F8FD05B4F6715;618-8888
F00000333;PFIZER;https://pe.ivademecum.com/laboratorio-pfizer-cod-39F75BB359C46BB9;6152100
F00000334;HEEL;https://pe.ivademecum.com/laboratorio-heel-cod-D4C9114E4B7C1057;
F00000335;INDUQUIMICA;https://pe.ivademecum.com/laboratorio-induquimica-cod-7D8A17050B8CB637;
F00000336;QUIARSA;https://pe.ivademecum.com/laboratorio-quiarsa-cod-2268CEF57E2FA517;(511) 617 6020
F00000337;GENCOPHARMAC.;https://pe.ivademecum.com/laboratorio-gencopharmac-cod-0EE19A3384A841F9;356-0937
F00000338;MARKOS;https://pe.ivademecum.com/laboratorio-markos-cod-C2F9108DD5FA353A;326-5780, 326-5783
F00000339;OFTALMOMEDICA;https://pe.ivademecum.com/laboratorio-oftalmomedica-cod-E1E39B26BD18BA8B;225-1543, 225-1543
F00000340;AC FARMA;https://pe.ivademecum.com/laboratorio-ac-farma-cod-C28C952F81D8B343;(511)349-1986
F00000341;LABEX CORP.;https://pe.ivademecum.com/laboratorio-labex-corp-cod-19F931139FA0C45D;250-9067
F00000342;SIEGFRIED;https://pe.ivademecum.com/laboratorio-siegfried-cod-18162848DF276855;+51(1) 622-2050
F00000343;SANITAS;https://pe.ivademecum.com/laboratorio-sanitas-cod-729BD29F815F14FD;
F00000344;ABL PHARMA;https://pe.ivademecum.com/laboratorio-abl-pharma-cod-1506DC3555202BDD;519-0600	612-7105
F00000345;CARDIOPHARM;https://pe.ivademecum.com/laboratorio-cardiopharm-cod-80AA02CC501E5770;221-2100
F00000346;MEDROCK;https://pe.ivademecum.com/laboratorio-medrock-cod-F39273ACEC9EBD8A;(01) 206-6630
F00000347;FARMINDUSTRIA;https://pe.ivademecum.com/laboratorio-farmindustria-cod-9CF898A2076482FE;411-7000
F00000348;TRIFARMA;https://pe.ivademecum.com/laboratorio-trifarma-cod-82C5A04A31CBD6EA;
F00000349;ACHE;https://pe.ivademecum.com/laboratorio-ache-cod-153BFE9078BAFF43;
F00000350;TEVA;https://pe.ivademecum.com/laboratorio-teva-cod-3C9A2E4E3F232197;+51 1 4150500
F00000351;OQ PHARMA;https://pe.ivademecum.com/laboratorio-oq-pharma-cod-C32007BB2E3461A9;326-7200
F00000352;LANSIER;https://pe.ivademecum.com/laboratorio-lansier-cod-DF8D19E2E19B2631;(511) 208-9200
F00000353;LCG;https://pe.ivademecum.com/laboratorio-lcg-cod-6AD09B0224B03F02;
F00000354;QUILAB GENERIC.;https://pe.ivademecum.com/laboratorio-quilab-generic-cod-75E2AAA623475E5D;
F00000355;GENFAR;https://pe.ivademecum.com/laboratorio-genfar-cod-95184C6FF893C315;618-6100
F00000356;IQFARMA;https://pe.ivademecum.com/laboratorio-iqfarma-cod-1C096356DB730EAF;612-0707
F00000357;MARFAN;https://pe.ivademecum.com/laboratorio-marfan-cod-216605B7CB7AC7D5;
F00000358;FARVET;https://pe.ivademecum.com/laboratorio-farvet-cod-462DD9310516A9D4;448-6213, 448-6608, 448-5582
F00000359;PHARMED CORP.;https://pe.ivademecum.com/laboratorio-pharmed-corp-cod-EFC1ED446BAA9B89;273-2137
F00000360;LABOT;https://pe.ivademecum.com/laboratorio-labot-cod-CA016E57B04C6128;(511) 626 8600
F00000361;LA SANTE;https://pe.ivademecum.com/laboratorio-la-sante-cod-38AB853920B2F988;211-4000
F00000362;HERSIL;https://pe.ivademecum.com/laboratorio-hersil-cod-C3D4F95F492F9A98;51-1-713 3333
F00000363;PHARMATECH;https://pe.ivademecum.com/laboratorio-pharmatech-cod-6F4B6A39F58A18AB;652-6821, 652-6820
F00000364;ARION MASON;https://pe.ivademecum.com/laboratorio-arion-mason-cod-D89A7D40F2933FE7;224-0306,226-0204
F00000365;PERULAB;https://pe.ivademecum.com/laboratorio-perulab-cod-1B268369EDCAE7A1;
F00000366;SHERFARMA;https://pe.ivademecum.com/laboratorio-sherfarma-cod-242D4E7F539AB4E6;344-4099,	344-4098
F00000367;MUNDIPHARMA;https://pe.ivademecum.com/laboratorio-mundipharma-cod-3E4C770195F87913;264-8294
F00000368;INTIPHARMA;https://pe.ivademecum.com/laboratorio-intipharma-cod-1A4A0D31C3B55EA3;(511) 254 8750
F00000369;TORRES PHARMA;https://pe.ivademecum.com/laboratorio-torres-pharma-cod-214F79CD8BB0975A;
F00000370;LA COOPER;https://pe.ivademecum.com/laboratorio-la-cooper-cod-BFDE4589D484DFE6;054-457403
F00000371;NOVARTIS PHARMA;https://pe.ivademecum.com/laboratorio-novartis-pharma-cod-8FF852D7926DEABA;494-1417
F00000372;ALBIS CONSUMO;https://pe.ivademecum.com/laboratorio-albis-consumo-cod-5A5E65C7BBC275DC;411-6300
F00000373;STIEFEL;https://pe.ivademecum.com/laboratorio-stiefel-cod-7D8C09D021D091CC;
F00000374;HAUS HOFFEN;https://pe.ivademecum.com/laboratorio-haus-hoffen-cod-8EE2ABEBE8BF6535;(511) 346-3717
F00000375;FARPASA;https://pe.ivademecum.com/laboratorio-farpasa-cod-DE1C2E89CF5AB81B;
F00000376;BAGO;https://pe.ivademecum.com/laboratorio-bago-cod-FE0167D279C796AB;0800 000 11, 0800 001 09
F00000377;SANOFI PASTEUR;https://pe.ivademecum.com/laboratorio-sanofi-pasteur-cod-8BAAC4A201387BDB;(511) 411-4710
F00000378;INDUFAR-DU PERU;https://pe.ivademecum.com/laboratorio-indufar-du-peru-cod-6C07602AEBFD2410;627-4367
F00000379;BOEHRINGER;https://pe.ivademecum.com/laboratorio-boehringer-cod-5EB99BD64DF6092A;+51 1 412 5000
F00000380;BIOSYNTEC;https://pe.ivademecum.com/laboratorio-biosyntec-cod-262068D8A4E98A5D;628-1148
F00000381;SANOFI AVENTIS;https://pe.ivademecum.com/laboratorio-sanofi-aventis-cod-E3CFD4BEE7CF04CB;(511) 411-4710
F00000382;ABBOTT;https://pe.ivademecum.com/laboratorio-abbott-cod-EDAE2B578154E98E;219-3300, 461-1916
F00000383;ALLERGAN;https://pe.ivademecum.com/laboratorio-allergan-cod-8FB7A02ECAF2F6F0;(511) 6281320
F00000384;SOLUTIONS M.I.;https://pe.ivademecum.com/laboratorio-solutions-m-i-cod-0C13EB83E67331DB;279-0800, 275-7683, 275-0465
F00000385;MERZ;https://pe.ivademecum.com/laboratorio-merz-cod-ACA7B1C34AD831DE;
F00000386;BAYER S.P.;https://pe.ivademecum.com/laboratorio-bayer-s-p-cod-3428F3DF51E46587;
F00000387;ROWE;https://pe.ivademecum.com/laboratorio-rowe-cod-5C2766D0574137CA;
F00000388;TECNOFARMA;https://pe.ivademecum.com/laboratorio-tecnofarma-cod-016B9BAEDA9F0E81;700-3000
F00000389;CECI FARMA;https://pe.ivademecum.com/laboratorio-ceci-farma-cod-FCFB46F4C4556373;326-7200, 326-7200
F00000390;EUROCHEM-SIFI;https://pe.ivademecum.com/laboratorio-eurochem-sifi-cod-718EFE9879B0B280;
F00000391;SCHERING PLOUGH;https://pe.ivademecum.com/laboratorio-schering-plough-cod-E75CA60AF3BEBAC9;
F00000392;OM PHARMA;https://pe.ivademecum.com/laboratorio-om-pharma-cod-7DBC0AF73FDDAAB8;+51 (1) 61 68 100
F00000393;ELIFARMA;https://pe.ivademecum.com/laboratorio-elifarma-cod-421516C9863B8116;(511) 436-3699
F00000394;CIPLA;https://pe.ivademecum.com/laboratorio-cipla-cod-CA2D95049C35844C;
F00000395;GSK;https://pe.ivademecum.com/laboratorio-gsk-cod-A71302725C50A936;+(511) 2119700
F00000396;SAVAL;https://pe.ivademecum.com/laboratorio-saval-cod-F82D2E9291C82710;(51 -1) 22 54 004
F00000397;RANBAXY-PRP;https://pe.ivademecum.com/laboratorio-ranbaxy-prp-cod-B1184C6D5C3905EE;717-4830
F00000398;D&M PHARMA;https://pe.ivademecum.com/laboratorio-d-m-pharma-cod-C040973F9B8B487A;221-6662, 422-2824, 221-0746
F00000399;S.J.ROXFARMA;https://pe.ivademecum.com/laboratorio-s-j-roxfarma-cod-FB7E79E17321831C;+511 613-9100
F00000400;GRÜNENTHAL;https://pe.ivademecum.com/laboratorio-gr-nenthal-cod-434E259E672F197F;+ 511 519-0600
F00000401;ALCON;https://pe.ivademecum.com/laboratorio-alcon-cod-A76FC19253E2B5EF;615-6800, 615-6805, 615-6831
F00000402;LUKOLL;https://pe.ivademecum.com/laboratorio-lukoll-cod-E7D5F9FB2146BAC1;
F00000403;SENOSIAIN;https://pe.ivademecum.com/laboratorio-senosiain-cod-5AC1F568825A4A72;422-8366
F00000404;JOHNSON&JOHNSON;https://pe.ivademecum.com/laboratorio-johnson-johnson-cod-1887929C2D3A7151;415-0222, 415-0233
F00000405;SCALUP;https://pe.ivademecum.com/laboratorio-scalup-cod-469EC342BAA75ABF;(511) 628-1364
F00000406;SANDERSON;https://pe.ivademecum.com/laboratorio-sanderson-cod-ED885B894B8FF635;
F00000407;PHARMAGEN;https://pe.ivademecum.com/laboratorio-pharmagen-cod-1F1ADC738798E0EE;326-7200
F00000408;BAXTER;https://pe.ivademecum.com/laboratorio-baxter-cod-877795202EECAFE6;7133-333
F00000409;B.BRAUN;https://pe.ivademecum.com/laboratorio-b-braun-cod-0B61CBC09A245F32;(511) 326-1825
F00000410;PHARMA HOSTING;https://pe.ivademecum.com/laboratorio-pharma-hosting-cod-3B786E230A6C2232;(+511) 4456070
F00000411;AKORN;https://pe.ivademecum.com/laboratorio-akorn-cod-597B41D9A358224E;
F00000412;LAFAR PERU;https://pe.ivademecum.com/laboratorio-lafar-peru-cod-989A15A3F318FF96;437-1699, 437-1699
F00000413;TAKEDA;https://pe.ivademecum.com/laboratorio-takeda-cod-443D189DA839B1C5;+51 (1) 604-4100
F00000414;GREY INVERS.;https://pe.ivademecum.com/laboratorio-grey-invers-cod-FD487A713F5F38AF;51-1-4627885, 51-1-4627929
F00000415;REFASA;https://pe.ivademecum.com/laboratorio-refasa-cod-2FC2175ADD0E7FA2;610-3100,	610-3103
F00000416;QUILAB FARMA;https://pe.ivademecum.com/laboratorio-quilab-farma-cod-9C6C71E2F36B7D69;
F00000417;MSD;https://pe.ivademecum.com/laboratorio-msd-cod-62171FF3B6FE5EDA;411-5100,441-2849
F00000418;DELFARMA;https://pe.ivademecum.com/laboratorio-delfarma-cod-EDF2D01B8BF37584;
F00000419;PHARMACHECK;https://pe.ivademecum.com/laboratorio-pharmacheck-cod-CF38ABC069297BA8;(511) 470-0996
F00000420;MACLEODS PHARM;https://pe.ivademecum.com/laboratorio-macleods-pharm-cod-36D882408B7C1B06;221-7233
F00000421;G & R;https://pe.ivademecum.com/laboratorio-g-r-cod-EE96D1284B5717FD;
F00000422;FARMEDIC;https://pe.ivademecum.com/laboratorio-farmedic-cod-49DDA39A8962075C;
F00000423;DR. ANDREU;https://pe.ivademecum.com/laboratorio-dr-andreu-cod-2CE328868771ADB8;+511 637-7373, +511 637-7372
F00000424;NOVAX EIRL;https://pe.ivademecum.com/laboratorio-novax-eirl-cod-E07BDB324799EC21;080047000
F00000425;ROSTER;https://pe.ivademecum.com/laboratorio-roster-cod-97477211836FB90E;(511) 618-5555
F00000426;DEUTSCHE PHARMA;https://pe.ivademecum.com/laboratorio-deutsche-pharma-cod-DF3AC74FEE531A91;(511)2615000
F00000427;ALLERLAB;https://pe.ivademecum.com/laboratorio-allerlab-cod-8228A1F895A20A80;628-1276
F00000428;MEDIDERM;https://pe.ivademecum.com/laboratorio-mediderm-cod-AB9D7490E23D4FDD;
F00000429;ALPHARMACO SAC;https://pe.ivademecum.com/laboratorio-alpharmaco-sac-cod-6AE7603840A2DDEE;
F00000430;BIO REG PHARMA;https://pe.ivademecum.com/laboratorio-bio-reg-pharma-cod-3E9016C939CFF0F8;(511) 716-1900
F00000431;FARMASUR;https://pe.ivademecum.com/laboratorio-farmasur-cod-F2744983C022A7DA;482-2729
F00000432;CARRION;https://pe.ivademecum.com/laboratorio-carrion-cod-B93D61848669845F;610-3100,	610-3103
F00000433;QUALIPHARM;https://pe.ivademecum.com/laboratorio-qualipharm-cod-89CBBE782E9FF144;368-2233,	368-0860
F00000434;TERBOL;https://pe.ivademecum.com/laboratorio-terbol-cod-5678E0DD0742D335;(511) 416-9100
F00000435;ALIFARMA;https://pe.ivademecum.com/laboratorio-alifarma-cod-8ACBC2EE119EA183;279-2828
F00000436;FARMAC.DEL PERU;https://pe.ivademecum.com/laboratorio-farmac-peru-cod-554434525204972A;331-1601
F00000437;BAYER C.C.;https://pe.ivademecum.com/laboratorio-bayer-c-c-cod-EA596764B6BF6108;
F00000438;IST.GANASSINI;https://pe.ivademecum.com/laboratorio-ist-ganassini-cod-2979A6DAFA5887F1;411-6300
F00000439;FARMACOM;https://pe.ivademecum.com/laboratorio-farmacom-cod-E7F0ECBD6A0602A2;265-0000
F00000440;TERBONOVA;https://pe.ivademecum.com/laboratorio-terbonova-cod-497EED4479B168F6;
F00000441;BIOTOSCANA;https://pe.ivademecum.com/laboratorio-biotoscana-cod-F1DA0FB00913BAD1;422-5500
F00000442;SUN PHARMA;https://pe.ivademecum.com/laboratorio-sun-pharma-cod-4AD76FB63432BFB4;255-4250
F00000443;DANY;https://pe.ivademecum.com/laboratorio-dany-cod-F72AF12F47362BDE;(511) 578-0808, (511) 578-0812, (511) 578-5270
F00000444;VITALIS;https://pe.ivademecum.com/laboratorio-vitalis-cod-21F7A957E9A44047;445-1515
F00000445;BMS;https://pe.ivademecum.com/laboratorio-bms-cod-F487FD6B97316473;(+511) 411-6200
F00000446;TABLETS;https://pe.ivademecum.com/laboratorio-tablets-cod-92B72C5A97D2CFA1;241-3112, 241-3110
F00000447;LAFAGE;https://pe.ivademecum.com/laboratorio-lafage-cod-2DD6E5D9C9F2DBE0;422-8366
F00000448;CONTINENTAL;https://pe.ivademecum.com/laboratorio-continental-cod-6DA7303BE1F764B9;211-7500
F00000449;FRESENIUS KABI;https://pe.ivademecum.com/laboratorio-fresenius-kabi-cod-E03C6309E295224A;+51 1202-1616, +51 1471-1140
F00000450;IVAX;https://pe.ivademecum.com/laboratorio-ivax-cod-08EC1224C6D58BB9;
F00000451;ATRAL-CIPAN;https://pe.ivademecum.com/laboratorio-atral-cipan-cod-49A875EDE6E46E89;(511) 421-2021
F00000452;NATURGEN;https://pe.ivademecum.com/laboratorio-naturgen-cod-30C29A74AE0C4DA9;054-251292
F00000453;JANSSEN-CILAG;https://pe.ivademecum.com/laboratorio-janssen-cilag-cod-4356F84E0B0493A3;0800 00873, (51-1) 4150200
F00000454;PHARMA-C;https://pe.ivademecum.com/laboratorio-pharma-c-cod-5CB85042D97FA4F8;
F00000455;BMC FARMA;https://pe.ivademecum.com/laboratorio-bmc-farma-cod-7BBCD85614BB2E2C;653-7062
F00000456;D'OLAPHARM;https://pe.ivademecum.com/laboratorio-d-olapharm-cod-87FD94D7386C3E14;
F00000457;PHARMARIS;https://pe.ivademecum.com/laboratorio-pharmaris-cod-1FA7063E1E0D98AC;(+511)652 2671, (+511) 652 267
F00000458;GP PHARM;https://pe.ivademecum.com/laboratorio-gp-pharm-cod-CC4E3B32CB3741D5;
F00000459;INTAS;https://pe.ivademecum.com/laboratorio-intas-cod-2A68A29633646283;
F00000460;MEGA WE CARE;https://pe.ivademecum.com/laboratorio-mega-we-care-cod-FE3E788F1394AA14;436-5611, 436-5612
F00000461;CAFERMA;https://pe.ivademecum.com/laboratorio-caferma-cod-9EE0D11144B21774;452-5388, 452-5387
F00000462;LAFRANCOL;https://pe.ivademecum.com/laboratorio-lafrancol-cod-D1DE785EA1C57C28;
F00000463;GADOR;https://pe.ivademecum.com/laboratorio-gador-cod-B08E685AA021790A;511 4468327
F00000464;CIPA;https://pe.ivademecum.com/laboratorio-cipa-cod-27DF872C4208828C;
F00000465;FERRER GRUPO;https://pe.ivademecum.com/laboratorio-ferrer-grupo-cod-B3DD7975FFB16FF0;
F00000466;GABBLAN;https://pe.ivademecum.com/laboratorio-gabblan-cod-AEFDECE9DDDE551A;717-2454
F00000467;DROG. FARBO;https://pe.ivademecum.com/laboratorio-drog-farbo-cod-278749170B3DEC2D;205-9700
F00000468;QUILAB OTC;https://pe.ivademecum.com/laboratorio-quilab-otc-cod-B3122F669719FCC5;
F00000469;MC GLOBE;https://pe.ivademecum.com/laboratorio-mc-globe-cod-556F8048DC359E76;(511) 3263417
F00000470;NOVARTIS-CIBA;https://pe.ivademecum.com/laboratorio-novartis-ciba-cod-EC44568D289FCDF1;200-6400
F00000471;LAFARMED;https://pe.ivademecum.com/laboratorio-lafarmed-cod-D47B8CE46EB884EC;719-47365
F00000472;DROG. INFARVAL;https://pe.ivademecum.com/laboratorio-drog-infarval-cod-D925709DF1D2524F;428-6218
F00000473;URIAGE;https://pe.ivademecum.com/laboratorio-uriage-cod-666EA7E5F9A13796;
F00000474;ISIS PHARMA;https://pe.ivademecum.com/laboratorio-isis-pharma-cod-649AC4B6693308C6;
F00000475;DRUGTECH;https://pe.ivademecum.com/laboratorio-drugtech-cod-A07C3985683BD06B;
F00000476;FARMAKONSUMA;https://pe.ivademecum.com/laboratorio-farmakonsuma-cod-65E43C47A215E139;+51 1 4168000
F00000477;GALDERMA;https://pe.ivademecum.com/laboratorio-galderma-cod-CB78A3EABA72AC03;211-4000,	211-4001
F00000478;ASTRAZENECA;https://pe.ivademecum.com/laboratorio-astrazeneca-cod-C8689B4E3F9B9169;610-1515, 610-1616
F00000479;GYNOPHARM;https://pe.ivademecum.com/laboratorio-gynopharm-cod-03A3278521862681;
F00000480;MAVER;https://pe.ivademecum.com/laboratorio-maver-cod-000BCFC177F21310;437-2341
F00000481;KEYFARM;https://pe.ivademecum.com/laboratorio-keyfarm-cod-86255103C69483EF;+51-01-200 7000
F00000482;DUBONP;https://pe.ivademecum.com/laboratorio-dubonp-cod-9276A0410DD92AC2;511 - 221 - 1588
F00000483;MERCK;https://pe.ivademecum.com/laboratorio-merck-cod-C101A48AF551378E;+51-1-618 7500
F00000484;QUILLA PHARMA;https://pe.ivademecum.com/laboratorio-quilla-pharma-cod-CED3BA394857F328;354-2094
F00000485;ROWEFEM;https://pe.ivademecum.com/laboratorio-rowefem-cod-927A61C9488CCE75;
F00000486;ANNEXA;https://pe.ivademecum.com/laboratorio-annexa-cod-9BCFE8AA0CDC7A88;348-3300
F00000487;DRINTEFA;https://pe.ivademecum.com/laboratorio-drintefa-cod-202D2898E443F3F9;
F00000488;NOVADERMA;https://pe.ivademecum.com/laboratorio-novaderma-cod-D04C7558DFF1FE20;
F00000489;INNOTECH;https://pe.ivademecum.com/laboratorio-innotech-cod-66BAD456376C9895;
F00000490;DROPESAC;https://pe.ivademecum.com/laboratorio-dropesac-cod-CCF7A5C0F524CC5D;
F00000491;EURODERMA;https://pe.ivademecum.com/laboratorio-euroderma-cod-5479A0CA2140C1F9;2642832, 2642797
F00000492;MEDIHEALTH;https://pe.ivademecum.com/laboratorio-medihealth-cod-4B2EDCFECE24C3F9;
F00000493;FARMACEUTICA LATINA;https://pe.ivademecum.com/laboratorio-farmaceutica-latina-cod-B67CDE9A64CEA344;440-3815, 440-4056
F00000494;IPCA;https://pe.ivademecum.com/laboratorio-ipca-cod-3FB25908D14B115E;
F00000495;PHARMA PERU;https://pe.ivademecum.com/laboratorio-pharma-peru-cod-ED76493943B071D4;3870884
F00000496;DRONNVELS;https://pe.ivademecum.com/laboratorio-dronnvels-cod-4978C2624E2CD510;455-0270
F00000584;DR. ZAIDMAN;https://pe.ivademecum.com/laboratorio-dr-zaidman-cod-E7F4862544CB2345;
F00000585;VIFARMA;https://pe.ivademecum.com/laboratorio-vifarma-cod-A055213DCEC37B15;4271527
F00000586;AVSA;https://pe.ivademecum.com/laboratorio-avsa-cod-9FCE3DCBA505AB48;452-2297
F00000587;RODMAD;https://pe.ivademecum.com/laboratorio-rodmad-cod-B0EDA7DE2B508BB9;200-7000
F00000588;CONTILAB;https://pe.ivademecum.com/laboratorio-contilab-cod-36457B909704B9A5;
F00000589;ROHA;https://pe.ivademecum.com/laboratorio-roha-cod-2DFB325C1A342453;411-6300
F00000590;NOVARTIS C.H.;https://pe.ivademecum.com/laboratorio-novartis-c-h-cod-3C3AD33DE4FF689B;+51 1 200 6400
F00000591;BRISAFARMA;https://pe.ivademecum.com/laboratorio-brisafarma-cod-195B3606489DCECD;
F00000592;NOVARTIS SANDOZ;https://pe.ivademecum.com/laboratorio-novartis-sandoz-cod-45AE5A8CF775E640;
F00000593;QUILAB;https://pe.ivademecum.com/laboratorio-quilab-cod-A6BDC493681113B9;211-4000
F00000594;SOLTON;https://pe.ivademecum.com/laboratorio-solton-cod-C50E04CCF1719C8A;6144544
F00000595;BIOPAS;https://pe.ivademecum.com/laboratorio-biopas-cod-EC9A361219336057;223-2006, 223-2007, 223-2005
F00000596;WORLD PHARMA;https://pe.ivademecum.com/laboratorio-world-pharma-cod-AEC4A9A130BE55BA;719-0922, 719-0923
F00000597;FAES FARMA;https://pe.ivademecum.com/laboratorio-faes-farma-cod-DFC92A0AEDD0468A;
F00000598;COFANA;https://pe.ivademecum.com/laboratorio-cofana-cod-BE61B04439006A66;
F00000599;M & G;https://pe.ivademecum.com/laboratorio-m-g-cod-7F86AE9B54CE2005;424-7750, 332-6203
F00000600;BIOSANA;https://pe.ivademecum.com/laboratorio-biosana-cod-8C04C6B433D71C5C;387-00940
F00000601;BIOMEDICAL;https://pe.ivademecum.com/laboratorio-biomedical-cod-BBEE5A86B91480D6;
F00000602;LMB H.COLICHON;https://pe.ivademecum.com/laboratorio-lmb-h-colichon-cod-CFF11255ED1FFBE6;2754951, 2754556, 2754955
F00000603;BAUSCH & LOMB;https://pe.ivademecum.com/laboratorio-bausch-lomb-cod-02C55AD4D7C8E102;
F00000604;PHARMALAB;https://pe.ivademecum.com/laboratorio-pharmalab-cod-9E884BDB1E954B10;221-2100, 422-2027
F00000605;LUDBER;https://pe.ivademecum.com/laboratorio-ludber-cod-97AB7ABA0824D9A8;534-1219
F00000606;ATLAS VISION;https://pe.ivademecum.com/laboratorio-atlas-vision-cod-3D2E6A53DCE242E9;221-2100
F00000607;ORDESA;https://pe.ivademecum.com/laboratorio-ordesa-cod-8CB90C80973A461F;422-8366
F00000608;SEVEN PHARMA;https://pe.ivademecum.com/laboratorio-seven-pharma-cod-B42E488A2644A2DD;585-3517
F00000609;CATALYSIS;https://pe.ivademecum.com/laboratorio-catalysis-cod-7D547B8245629019;
F00000610;LAMOSAN;https://pe.ivademecum.com/laboratorio-lamosan-cod-D007AC82D67BBE05;+593 (2) 3430-536, +593 (2) 3430-537
F00000611;HIMALAYA;https://pe.ivademecum.com/laboratorio-himalaya-cod-0D06713AA0B48EAD;411-6300
F00000612;ORGANON;https://pe.ivademecum.com/laboratorio-organon-cod-E8F33430BB33E9F5;
F00000613;WOCKHARDT;https://pe.ivademecum.com/laboratorio-wockhardt-cod-056B1C40879EBF61;241-3112, 241-1310, 998085780
F00000614;AGROFARMA;https://pe.ivademecum.com/laboratorio-agrofarma-cod-CC1D3B5605491A71;437-1975
F00000615;SIT DESMA;https://pe.ivademecum.com/laboratorio-sit-desma-cod-7ECA50F14640F7DC;411-6300
F00000616;GIANFARMA;https://pe.ivademecum.com/laboratorio-gianfarma-cod-E67D0963019A6F29;( 51-1) 472-9047, (51-1) 472-2620
F00000617;YOBEL;https://pe.ivademecum.com/laboratorio-yobel-cod-8DF9DE91125799D8;614-3400, 460-1284
F00000618;COMIESA;https://pe.ivademecum.com/laboratorio-comiesa-cod-DCB2D175414F5671;254-3115, 254-0499
F00000619;DR. REDDY'S;https://pe.ivademecum.com/laboratorio-dr-reddy-s-cod-19DB1A4F5297376C;
F00000620;GLENMARK;https://pe.ivademecum.com/laboratorio-glenmark-cod-CF1DAB965C8F4865;627-5440, 627-5441, 627-5442, 627-5443
F00000621;;https://pe.ivademecum.com/laboratorio--cod-D41D8CD98F00B204;
F00000622;DROG. 2M & BR;https://pe.ivademecum.com/laboratorio-drog-2m-br-cod-FE9D7D821C7DD5CE;5937350
F00000623;AFARMACH;https://pe.ivademecum.com/laboratorio-afarmach-cod-FA6DA4D292892CE1;542-2057
F00000624;INTRALAB;https://pe.ivademecum.com/laboratorio-intralab-cod-C8B297D564969119;467-4999
F00000625;PFIZER CONSUMER;https://pe.ivademecum.com/laboratorio-pfizer-consumer-cod-689E9E61B520596A;6152100
F00000626;EMDIEX;https://pe.ivademecum.com/laboratorio-emdiex-cod-D0539D42A1D8AF5A;352-9862, 352-9855
F00000627;QUALICONT;https://pe.ivademecum.com/laboratorio-qualicont-cod-FEAE833786AA9D44;422-8366
F00000628;K2 PHARMAVIDA;https://pe.ivademecum.com/laboratorio-k2-pharmavida-cod-3D653456B091500F;
F00000629;BIOTECH;https://pe.ivademecum.com/laboratorio-biotech-cod-F9AF6AABE2456A5F;719-5883
F00000630;LUPIN;https://pe.ivademecum.com/laboratorio-lupin-cod-A4B202D6D3C894FC;241-3110
F00000631;MKS UNIDOS;https://pe.ivademecum.com/laboratorio-mks-unidos-cod-B6BCAB9F22319F97;
F00000632;WELFARK-IESA;https://pe.ivademecum.com/laboratorio-welfark-iesa-cod-67B679875CC3F6CF;
F00000633;NESTLE;https://pe.ivademecum.com/laboratorio-nestle-cod-D03BA652A131E19F;0800-10-2-10
F00000634;NOVARTIS TRANS.;https://pe.ivademecum.com/laboratorio-novartis-trans-cod-6C3E3DB7CB4BD877;
F00000635;PANALAB;https://pe.ivademecum.com/laboratorio-panalab-cod-AFD1173F202F21F1;
F00000636;ELI LILLY;https://pe.ivademecum.com/laboratorio-eli-lilly-cod-436F60487EFD900E;712-6400,	221-8426
F00000637;LKM PERU;https://pe.ivademecum.com/laboratorio-lkm-peru-cod-3D3D1D0AE0BF01CD;445-8780, 445-8784, 243-4256
F00000638;PALMAGYAR;https://pe.ivademecum.com/laboratorio-palmagyar-cod-0C74F047D2E7A445;447-0359, 445-8035, 447-0359
F00000639;NOVARTIS OPHT.;https://pe.ivademecum.com/laboratorio-novartis-opht-cod-3FB097FC44FC2281;
F00000640;CINFA;https://pe.ivademecum.com/laboratorio-cinfa-cod-CC9F9F19DB4405E1;
F00000641;AXON PHARMA;https://pe.ivademecum.com/laboratorio-axon-pharma-cod-5A04DB61B9632E34;+51 1 422 4842
F00000642;PHARMAVISION;https://pe.ivademecum.com/laboratorio-pharmavision-cod-883B6050FF8FA2D2;719-6344
F00000643;GLOBAL PHARMA;https://pe.ivademecum.com/laboratorio-global-pharma-cod-A246F4321D74511C;263-1664, 263-1664
F00000644;ORBIS;https://pe.ivademecum.com/laboratorio-orbis-cod-44C83499955E1155;472-6000
F00000645;FARBIOMEDIC;https://pe.ivademecum.com/laboratorio-farbiomedic-cod-615CBE4250F28322;264-7565
F00000646;GARDEN HOUSE;https://pe.ivademecum.com/laboratorio-garden-house-cod-2621DAEE4E918F31;348-8303, 348-8395
F00000647;ONCOMED;https://pe.ivademecum.com/laboratorio-oncomed-cod-9BC46FFE2245533D;207 0000
F00000648;CORP.TRADE PLUS;https://pe.ivademecum.com/laboratorio-corp-trade-plus-cod-7C4B7E4F1B79D9A1;6615240
F00000649;LUXOR PHARMAC.;https://pe.ivademecum.com/laboratorio-luxor-pharmac-cod-EF55B0AF1BDB0367;265-7876
F00000650;OPHTHA;https://pe.ivademecum.com/laboratorio-ophtha-cod-C73B9BB73A64CEB3;262-0791
F00000651;LAFARPE;https://pe.ivademecum.com/laboratorio-lafarpe-cod-BF6D4BE73B21B661;(056) 214249
F00000652;TEMIS LOSTALO;https://pe.ivademecum.com/laboratorio-temis-lostalo-cod-F919E75253788BD9;
F00000653;TEVA THERAMEX;https://pe.ivademecum.com/laboratorio-teva-theramex-cod-896DD260D86B81AE;
F00000654;MALLINCKRODT;https://pe.ivademecum.com/laboratorio-mallinckrodt-cod-D32CD66F547BA59E;507.833.9288
F00000655;OLI MED;https://pe.ivademecum.com/laboratorio-oli-med-cod-C72751C1EBBF9D71;372-6285, 372-6472, 372-7475
F00000656;REMY;https://pe.ivademecum.com/laboratorio-remy-cod-05EA5181DBA59A45;359-3374,	359-0079
F00000657;PJK AMERICANA;https://pe.ivademecum.com/laboratorio-pjk-americana-cod-8B49961BB481945D;428-6173, 697-4162
F00000658;PHARMEX;https://pe.ivademecum.com/laboratorio-pharmex-cod-8E61D930E2B91638;521-1364
F00000659;WELFARK;https://pe.ivademecum.com/laboratorio-welfark-cod-2B27F6BFE8B993A1;430-0594
F00000660;TECHSPHERE;https://pe.ivademecum.com/laboratorio-techsphere-cod-F85CE61889BEA109;6372291, 6372292
F00000661;VALEANT;https://pe.ivademecum.com/laboratorio-valeant-cod-8D8310AEC12AB069;
F00000662;VANOCI;https://pe.ivademecum.com/laboratorio-vanoci-cod-E545C0D53E7AC510;4640223
F00000663;MASTER FARMA;https://pe.ivademecum.com/laboratorio-master-farma-cod-67916D8571C924C9;+51 (1) 446 1250, +51 (1) 242 5577
F00000664;MEDIGROUP;https://pe.ivademecum.com/laboratorio-medigroup-cod-A7C44B3624261C27;717-6363, 718-7992
F00000665;DENTAID;https://pe.ivademecum.com/laboratorio-dentaid-cod-70CAF4794C285AD1;+51 (1) 349-6600
F00000666;VITABIOTICS;https://pe.ivademecum.com/laboratorio-vitabiotics-cod-74EF61432BF11903;
F00000667;PROTELD;https://pe.ivademecum.com/laboratorio-proteld-cod-ABB500EC1AA43D39;242-3026, 445-3658
F00000668;ALBIS NUTRICIA;https://pe.ivademecum.com/laboratorio-albis-nutricia-cod-425A17BA30B4F46F;411-6300
F00000669;AJANTA PHARMA;https://pe.ivademecum.com/laboratorio-ajanta-pharma-cod-1965F35A850F1B94;467-6117
F00000670;ALGOTEC;https://pe.ivademecum.com/laboratorio-algotec-cod-761F29ACD47174A0;(511) 442 – 7259
F00000671;INTI;https://pe.ivademecum.com/laboratorio-inti-cod-FE7E17DDFE3D5D39;566-2247
F00000672;D.L.;https://pe.ivademecum.com/laboratorio-d-l-cod-3D88B7EE8F40FC18;652-5903, 638-1071
F00000673;GRUPO FAES;https://pe.ivademecum.com/laboratorio-grupo-faes-cod-D0201D46E11AFD75;
F00000674;MEDINE PHARMA.;https://pe.ivademecum.com/laboratorio-medine-pharma-cod-420CBDC183480621;431-1869
F00000675;CALANIT;https://pe.ivademecum.com/laboratorio-calanit-cod-110961EACCDA4C85;578-2831, 578-2747, 578-7292
F00000676;DISPOLAB;https://pe.ivademecum.com/laboratorio-dispolab-cod-3E8F48502B81DD2C;+51 1 651 3496, +51 1 651 3497
F00000677;D.CONTINENTAL;https://pe.ivademecum.com/laboratorio-d-continental-cod-16A26CDFC948FE4A;
F00000678;SOLVAY;https://pe.ivademecum.com/laboratorio-solvay-cod-6CBC28DACF8C3FA5;
F00000679;QUIMICA SUIZA;https://pe.ivademecum.com/laboratorio-quimica-suiza-cod-837E379CF88EF24B;(511) 211 4000
F00000680;PAK FARMA;https://pe.ivademecum.com/laboratorio-pak-farma-cod-56D0915F00FD0AE7;
F00000681;MEAD JOHNSON;https://pe.ivademecum.com/laboratorio-mead-johnson-cod-150B908085418C4A;201-7200
F00000682;NORTHIA;https://pe.ivademecum.com/laboratorio-northia-cod-4FC74EE386170029;221-2100
F00000683;BEIERSDORF;https://pe.ivademecum.com/laboratorio-beiersdorf-cod-64E932D41B4C6852;610-4848
F00000684;NOVARTIS ONC;https://pe.ivademecum.com/laboratorio-novartis-onc-cod-3DE8042AB13248EA;
F00000685;FADA PHARMA;https://pe.ivademecum.com/laboratorio-fada-pharma-cod-3C6002A6A559568C;221-2100
F00000686;PERSONAL PROD.;https://pe.ivademecum.com/laboratorio-personal-prod-cod-363A3069D96C32C2;348-7608
F00000687;WILFAR;https://pe.ivademecum.com/laboratorio-wilfar-cod-97946A954EE2FD3E;074-503380, 076-9868500
F00000688;VIFOR;https://pe.ivademecum.com/laboratorio-vifor-cod-FD0C689E98A4E66B;
F00000689;TEOFARMA;https://pe.ivademecum.com/laboratorio-teofarma-cod-F465E09D4E487D3C;331-0015
F00000690;RHOVIC;https://pe.ivademecum.com/laboratorio-rhovic-cod-36B68D20515F4204;445-9168, 445-6087
F00000691;FLEET;https://pe.ivademecum.com/laboratorio-fleet-cod-2066BF3FBF3341E5;
F00000692;OMDICA;https://pe.ivademecum.com/laboratorio-omdica-cod-E7BC1664EC3CC0DA;225-4523,	224-0554
F00000693;QUALITY PHARMA;https://pe.ivademecum.com/laboratorio-quality-pharma-cod-E7FF03646600548B;(511) 3302941, (511) 555 8436
F00000694;FREXEN;https://pe.ivademecum.com/laboratorio-frexen-cod-15F3BCCFA46D72CA;
F00000695;LEO PHARMA;https://pe.ivademecum.com/laboratorio-leo-pharma-cod-03D20314304B955F;
F00000696;DROKASA;https://pe.ivademecum.com/laboratorio-drokasa-cod-D06692987C4919BB;(511) 501-1000
F00000697;KRONNENLAB;https://pe.ivademecum.com/laboratorio-kronnenlab-cod-7BC7AB4725EF1DA8;348-4883
F00000698;3M;https://pe.ivademecum.com/laboratorio-3m-cod-D8589A20D5FF2F30;224-2728,	224-3051
F00000699;CRESPAL;https://pe.ivademecum.com/laboratorio-crespal-cod-9EFC31D40D45E0F3;
F00000700;POEN;https://pe.ivademecum.com/laboratorio-poen-cod-375F152DBFBD5ABA;
F00000701;SUNDOWN;https://pe.ivademecum.com/laboratorio-sundown-cod-97D1AFC5E761E9F6;
F00000702;REP. SEGURA;https://pe.ivademecum.com/laboratorio-rep-segura-cod-20BC803260BACA33;466-1846, 481-5945
F00000703;CONTRERAS;https://pe.ivademecum.com/laboratorio-contreras-cod-ACA0DE1F759D55E5;3283170
F00000704;FARMAGE;https://pe.ivademecum.com/laboratorio-farmage-cod-BDF14B9B80CE6745;415-0960
F00000705;ROWA;https://pe.ivademecum.com/laboratorio-rowa-cod-A181E548A025E31E;
F00000706;FAMYCARE;https://pe.ivademecum.com/laboratorio-famycare-cod-52BBAC708EE30F93;241-3110, 241-3112
F00000707;ECHOPHARMA;https://pe.ivademecum.com/laboratorio-echopharma-cod-C66BD1C715FA8B72;349-4934
F00000708;LABOMED;https://pe.ivademecum.com/laboratorio-labomed-cod-FEF402C5582E5E74;242-4208
F00000709;OFTALMICOS;https://pe.ivademecum.com/laboratorio-oftalmicos-cod-6FA3D4DC53FCDF93;225-1912 , 225-1558 , 225-2157
F00000710;NOVO NORDISK;https://pe.ivademecum.com/laboratorio-novo-nordisk-cod-7E54E3D09F994F3A;712-8403
F00000711;DROG. LIPHARMA;https://pe.ivademecum.com/laboratorio-drog-lipharma-cod-9903A0EA24339DA9;(+511) 574 2674, (+511) 4563170
F00000712;LUNDBECK;https://pe.ivademecum.com/laboratorio-lundbeck-cod-DE6023ABEE716C6F;2225252
F00000713;APROPO;https://pe.ivademecum.com/laboratorio-apropo-cod-72EF1C41AA5C4952;442-7440 441-0155	442-2111
F00000714;OPHARMMED;https://pe.ivademecum.com/laboratorio-opharmmed-cod-EE1EF71710C99947;652-8024, 652-8025
F00000715;SANKYO;https://pe.ivademecum.com/laboratorio-sankyo-cod-48E92676E3B79DF1;
F00000716;VIDASOL;https://pe.ivademecum.com/laboratorio-vidasol-cod-63E247973FBEF463;274-0655, 274-0407
F00000717;ROEL GRACE;https://pe.ivademecum.com/laboratorio-roel-grace-cod-4B7B25BE428C134F;462-3805
F00000718;WÖRWAG PHARMA;https://pe.ivademecum.com/laboratorio-w-rwag-pharma-cod-3BB144AE8E85247D;411-6300
F00000719;CCV;https://pe.ivademecum.com/laboratorio-ccv-cod-666DAF70D41C240E;222-3688
F00000720;VYSER;https://pe.ivademecum.com/laboratorio-vyser-cod-A271F556AFDAB686;241-3110
F00000721;SERVIER;https://pe.ivademecum.com/laboratorio-servier-cod-90D7A9C9142A772C;
F00000722;NEUTROGENA;https://pe.ivademecum.com/laboratorio-neutrogena-cod-B70BBC381D45A5E7;
F00000723;BIOTEFAR;https://pe.ivademecum.com/laboratorio-biotefar-cod-4FC7913F3462DF32;719-5913
F00000724;DANONE NUTRICIA;https://pe.ivademecum.com/laboratorio-danone-nutricia-cod-CD74A4167B66F576;2114000
F00000725;NATUMED;https://pe.ivademecum.com/laboratorio-natumed-cod-560A59633223F7FD;
F00000726;ASTELLAS;https://pe.ivademecum.com/laboratorio-astellas-cod-DFA107E6FA0F9A8E;
F00000727;ITA;https://pe.ivademecum.com/laboratorio-ita-cod-7E4AF79A0DE4B2CB;275-4020
F00000728;KNOP;https://pe.ivademecum.com/laboratorio-knop-cod-2FD1629368F48236;
F00000729;CORP.QUIMSAFARM;https://pe.ivademecum.com/laboratorio-corp-quimsafarm-cod-BDB921F9D67F58D1;
F00000730;CHRISCAL CLEAN.;https://pe.ivademecum.com/laboratorio-chriscal-clean-cod-E951A01C38C19819;
F00000731;KIMBERLY CLARK;https://pe.ivademecum.com/laboratorio-kimberly-clark-cod-45ED37C6F907661B;0 800 00 466
F00000732;FARMACHIF;https://pe.ivademecum.com/laboratorio-farmachif-cod-0FDB4FF680786BBB;422-0237, 421-4543
F00000733;ADV. SCIENTIFIC;https://pe.ivademecum.com/laboratorio-adv-scientific-cod-CC555338A8B95863;255-95-99
F00000734;R&V FOOD GROUP;https://pe.ivademecum.com/laboratorio-r-v-food-group-cod-7EAD7F78FBED654E;621-7827
F00000735;WYETH NUTRICION;https://pe.ivademecum.com/laboratorio-wyeth-nutricion-cod-16B759879164A26B;
F00000736;MEDA PHARMA;https://pe.ivademecum.com/laboratorio-meda-pharma-cod-5ADE59A4FE01CF49;
F00000737;QUALIMAXX;https://pe.ivademecum.com/laboratorio-qualimaxx-cod-0DCAF34B604AFD00;
F00000738;GENZYME;https://pe.ivademecum.com/laboratorio-genzyme-cod-6C527639DD88462F;211-2576, 211-2631
F00000739;ARES PHARMA;https://pe.ivademecum.com/laboratorio-ares-pharma-cod-BCD4F53E831DE9D1;999224305
F00000740;SZAMA;https://pe.ivademecum.com/laboratorio-szama-cod-961625729F743933;
F00000741;DDLA;https://pe.ivademecum.com/laboratorio-ddla-cod-FFA7D6BD0B0BA7A4;(044) 482600
F00000742;NINET;https://pe.ivademecum.com/laboratorio-ninet-cod-36184D697FD331CE;
F00000743;MARVIC TRADING;https://pe.ivademecum.com/laboratorio-marvic-trading-cod-8186A50DCB6037AA;
F00000744;THE VALUE;https://pe.ivademecum.com/laboratorio-the-value-cod-87A2BA5BA9EBAB8A;212-1081
F00000745;BAXLEY GROUP;https://pe.ivademecum.com/laboratorio-baxley-group-cod-48CBE5B5CF96D26F;(01) 241?0049